{
  "ABW": {
    "GDP": 29342.100857588648,
    "normalized_gdp": 0.12448470552455627
  },
  "AFG": {
    "GDP": 368.7546141754591,
    "normalized_gdp": 0.0007290730264815335
  },
  "AGO": {
    "GDP": 1953.5337572150786,
    "normalized_gdp": 0.007498237470550957
  },
  "ALB": {
    "GDP": 6492.8720122463355,
    "normalized_gdp": 0.026887391631569304
  },
  "AND": {
    "GDP": 42137.32727103719,
    "normalized_gdp": 0.17913774160983015
  },
  "ARE": {
    "GDP": 44315.554183411594,
    "normalized_gdp": 0.18844173594312214
  },
  "ARG": {
    "GDP": 10636.120195618318,
    "normalized_gdp": 0.04458470195333677
  },
  "ARM": {
    "GDP": 4966.51347122366,
    "normalized_gdp": 0.02036776269136557
  },
  "ASM": {
    "GDP": 15743.310758299102,
    "normalized_gdp": 0.0663993585367629
  },
  "ATG": {
    "GDP": 15781.395701798192,
    "normalized_gdp": 0.06656203309398478
  },
  "AUS": {
    "GDP": 60443.109164996815,
    "normalized_gdp": 0.25732835161483797
  },
  "AUT": {
    "GDP": 53637.70571098969,
    "normalized_gdp": 0.2282600140545293
  },
  "AZE": {
    "GDP": 5387.997974953834,
    "normalized_gdp": 0.02216807532729809
  },
  "BDI": {
    "GDP": 221.47767622336346,
    "normalized_gdp": 0.0001
  },
  "BEL": {
    "GDP": 51247.01435316263,
    "normalized_gdp": 0.21804850729207415
  },
  "BEN": {
    "GDP": 1319.1549945174008,
    "normalized_gdp": 0.004788576516602802
  },
  "BFA": {
    "GDP": 893.0771557768633,
    "normalized_gdp": 0.0029686440868533226
  },
  "BGD": {
    "GDP": 2457.9248798636086,
    "normalized_gdp": 0.009652674237549301
  },
  "BGR": {
    "GDP": 12221.496606417086,
    "normalized_gdp": 0.051356417543852416
  },
  "BHR": {
    "GDP": 26562.969135402607,
    "normalized_gdp": 0.11261402958726141
  },
  "BHS": {
    "GDP": 27478.389628983146,
    "normalized_gdp": 0.11652412133962552
  },
  "BIH": {
    "GDP": 7143.310548432097,
    "normalized_gdp": 0.029665649681934837
  },
  "BLR": {
    "GDP": 7302.257794187743,
    "normalized_gdp": 0.030344570810583855
  },
  "BLZ": {
    "GDP": 6228.26730928353,
    "normalized_gdp": 0.02575716931958586
  },
  "BMU": {
    "GDP": 114090.3283385786,
    "normalized_gdp": 0.48647501230125423
  },
  "BOL": {
    "GDP": 3345.1965887383076,
    "normalized_gdp": 0.013442532357731024
  },
  "BRA": {
    "GDP": 7507.160970802335,
    "normalized_gdp": 0.031219786327968856
  },
  "BRB": {
    "GDP": 17225.462304409673,
    "normalized_gdp": 0.07273016342570848
  },
  "BRN": {
    "GDP": 31449.076562072714,
    "normalized_gdp": 0.13348436019943805
  },
  "BTN": {
    "GDP": 3266.3649051918264,
    "normalized_gdp": 0.01310581374828146
  },
  "BWA": {
    "GDP": 6805.221273988972,
    "normalized_gdp": 0.028221548208531982
  },
  "CAN": {
    "GDP": 51987.93905297284,
    "normalized_gdp": 0.22121326444812076
  },
  "CHE": {
    "GDP": 91991.60045835626,
    "normalized_gdp": 0.3920833592542233
  },
  "CHI": {
    "GDP": 75152.60978305442,
    "normalized_gdp": 0.32015794462853364
  },
  "CHL": {
    "GDP": 16265.095976714732,
    "normalized_gdp": 0.06862809177284374
  },
  "CHN": {
    "GDP": 12556.333120005787,
    "normalized_gdp": 0.05278662530012911
  },
  "CIV": {
    "GDP": 2549.0412972473378,
    "normalized_gdp": 0.010041865384804016
  },
  "CMR": {
    "GDP": 1666.9327344312192,
    "normalized_gdp": 0.006274060927350495
  },
  "COD": {
    "GDP": 577.2092151998283,
    "normalized_gdp": 0.0016194579609717784
  },
  "COG": {
    "GDP": 2290.3828913324373,
    "normalized_gdp": 0.008937041856447517
  },
  "COL": {
    "GDP": 6104.136709303895,
    "normalized_gdp": 0.02522696266745166
  },
  "COM": {
    "GDP": 1577.471027050524,
    "normalized_gdp": 0.005891937644515239
  },
  "CPV": {
    "GDP": 3293.2330543061353,
    "normalized_gdp": 0.013220577323042859
  },
  "CRI": {
    "GDP": 12472.443729495424,
    "normalized_gdp": 0.052428303396429496
  },
  "CSS": {
    "GDP": 10063.691297958594,
    "normalized_gdp": 0.04213965126105921
  },
  "CUB": {
    "GDP": 9499.590202304318,
    "normalized_gdp": 0.03973017162073556
  },
  "CUW": {
    "GDP": 17717.59648025884,
    "normalized_gdp": 0.07483224634338245
  },
  "CYM": {
    "GDP": 86568.76963686032,
    "normalized_gdp": 0.36892048905600267
  },
  "CYP": {
    "GDP": 31551.81640625,
    "normalized_gdp": 0.1339231992031242
  },
  "CZE": {
    "GDP": 26821.245227999476,
    "normalized_gdp": 0.11371722011727219
  },
  "DEU": {
    "GDP": 51203.554473104334,
    "normalized_gdp": 0.2178628744383568
  },
  "DJI": {
    "GDP": 3150.436729263347,
    "normalized_gdp": 0.012610642613547975
  },
  "DMA": {
    "GDP": 7653.171870428678,
    "normalized_gdp": 0.03184345164722686
  },
  "DNK": {
    "GDP": 68007.75667329543,
    "normalized_gdp": 0.28963969491462366
  },
  "DOM": {
    "GDP": 8476.75215730978,
    "normalized_gdp": 0.03536126068659828
  },
  "DZA": {
    "GDP": 3690.627877975985,
    "normalized_gdp": 0.014917994229655906
  },
  "ECU": {
    "GDP": 5965.132870544159,
    "normalized_gdp": 0.024633227037440253
  },
  "EGY": {
    "GDP": 3698.834981058614,
    "normalized_gdp": 0.014953049732891008
  },
  "EMU": {
    "GDP": 42450.15377202928,
    "normalized_gdp": 0.18047393664809702
  },
  "ERI": {
    "GDP": 643.7900423112387,
    "normalized_gdp": 0.0019038487352438657
  },
  "ESP": {
    "GDP": 30103.513733190994,
    "normalized_gdp": 0.12773697508364346
  },
  "EST": {
    "GDP": 27943.701219882027,
    "normalized_gdp": 0.11851163530354908
  },
  "ETH": {
    "GDP": 925.0774280485336,
    "normalized_gdp": 0.003105328814320433
  },
  "EUU": {
    "GDP": 38411.062779601016,
    "normalized_gdp": 0.1632215193302708
  },
  "FIN": {
    "GDP": 53654.75029642592,
    "normalized_gdp": 0.22833281763867894
  },
  "FJI": {
    "GDP": 4646.612723214495,
    "normalized_gdp": 0.019001350987523053
  },
  "FRA": {
    "GDP": 43658.97897812225,
    "normalized_gdp": 0.18563726596128122
  },
  "FRO": {
    "GDP": 69010.30980111512,
    "normalized_gdp": 0.2939219616367305
  },
  "FSM": {
    "GDP": 3571.3367688785565,
    "normalized_gdp": 0.014408458792025696
  },
  "GAB": {
    "GDP": 8635.325694434374,
    "normalized_gdp": 0.03603858557062931
  },
  "GBR": {
    "GDP": 46510.282781912654,
    "normalized_gdp": 0.19781621494141388
  },
  "GEO": {
    "GDP": 5023.274379619787,
    "normalized_gdp": 0.02061020904397922
  },
  "GHA": {
    "GDP": 2363.299296214216,
    "normalized_gdp": 0.009248494172994549
  },
  "GIN": {
    "GDP": 1189.1759994663123,
    "normalized_gdp": 0.004233389255563926
  },
  "GMB": {
    "GDP": 772.1523951432367,
    "normalized_gdp": 0.0024521307331258455
  },
  "GNB": {
    "GDP": 795.1185692604854,
    "normalized_gdp": 0.0025502275625380565
  },
  "GNQ": {
    "GDP": 7506.667523060862,
    "normalized_gdp": 0.031217678634337692
  },
  "GRC": {
    "GDP": 20192.596303906073,
    "normalized_gdp": 0.08540386503163529
  },
  "GRD": {
    "GDP": 9010.572244662606,
    "normalized_gdp": 0.03764139919719732
  },
  "GRL": {
    "GDP": 54571.209160574464,
    "normalized_gdp": 0.23224734464699626
  },
  "GTM": {
    "GDP": 5025.542290777896,
    "normalized_gdp": 0.02061989611213708
  },
  "GUM": {
    "GDP": 35904.863546272296,
    "normalized_gdp": 0.15251663668809767
  },
  "GUY": {
    "GDP": 9998.544311361555,
    "normalized_gdp": 0.04186138493780036
  },
  "HKG": {
    "GDP": 49800.542413757605,
    "normalized_gdp": 0.21187010289763933
  },
  "HND": {
    "GDP": 2771.7174605094606,
    "normalized_gdp": 0.010992995751149376
  },
  "HRV": {
    "GDP": 17685.325283455295,
    "normalized_gdp": 0.07469440439933017
  },
  "HTI": {
    "GDP": 1829.5930441721093,
    "normalized_gdp": 0.006968841894146589
  },
  "HUN": {
    "GDP": 18728.121894868895,
    "normalized_gdp": 0.0791485655834798
  },
  "IDN": {
    "GDP": 4332.709280893962,
    "normalized_gdp": 0.017660555943646062
  },
  "IDX": {
    "GDP": 1231.1266244889462,
    "normalized_gdp": 0.0044125755355934855
  },